{"Atlases":["VisitorBox:Assets"],"Decks":[],"Cards":[{"cardDeckID":8,"cardName":"Retail","cardDeckOrigin":"VisitorBox:Assets","cardPos":{"x":-2.311161518096924,"y":0.007471069227904081,"z":-1.6485941410064698},"cardRot":{"x":2.2715448722010479e-7,"y":-5.545302883547265e-9,"z":1.0,"w":2.9666543355233446e-7}},{"cardDeckID":7,"cardName":"Outreach Activity","cardDeckOrigin":"VisitorBox:Assets","cardPos":{"x":0.37174171209335329,"y":0.007471594959497452,"z":-2.7961630821228029},"cardRot":{"x":2.2118433662399185e-7,"y":3.683868214920949e-7,"z":1.0,"w":5.008971015740826e-7}}]}