{"Atlases":[],"Decks":[],"Cards":[{"cardDeckID":8,"cardGlobalID":8,"cardName":"Retail","cardDeckOrigin":"VisitorBox:Assets","cardPos":{"x":-4.110655307769775,"y":0.012471698224544526,"z":0.5326306819915772},"cardRot":{"x":4.721125890227995e-8,"y":1.9956237551355117e-8,"z":-4.979246170933038e-8,"w":-1.0},"cardSize":{"x":120.0,"y":0.0,"z":70.0}},{"cardDeckID":7,"cardGlobalID":7,"cardName":"Outreach Activity","cardDeckOrigin":"VisitorBox:Assets","cardPos":{"x":3.370751142501831,"y":0.012472013011574746,"z":0.1779770404100418},"cardRot":{"x":-5.086192089720498e-8,"y":0.000025963603548007086,"z":8.195821976642037e-8,"w":-1.0},"cardSize":{"x":120.0,"y":0.0,"z":70.0}}]}