{"Atlases":["VisitorBox:Assets"],"Decks":[],"Cards":[{"cardDeckID":8,"cardName":"Retail","cardDeckOrigin":"VisitorBox:Assets","cardPos":{"x":-3.241337537765503,"y":0.007471226155757904,"z":0.09285915642976761},"cardRot":{"x":2.6755583348858638e-7,"y":4.828519450938984e-8,"z":1.0,"w":2.9691466352232967e-7}},{"cardDeckID":7,"cardName":"Outreach Activity","cardDeckOrigin":"VisitorBox:Assets","cardPos":{"x":-1.6907320022583008,"y":0.00747162289917469,"z":-2.636784315109253},"cardRot":{"x":0.0000014359761735249777,"y":1.9300458120596887e-7,"z":1.0,"w":1.5359837846062875e-7}},{"cardDeckID":6,"cardName":"Location","cardDeckOrigin":"VisitorBox:Assets","cardPos":{"x":1.7399674654006959,"y":0.007471293210983276,"z":-2.6409456729888918},"cardRot":{"x":0.000001523974901829206,"y":-3.3509149943711238e-7,"z":1.0,"w":4.645384592549817e-7}},{"cardDeckID":5,"cardName":"Learning Activity","cardDeckOrigin":"VisitorBox:Assets","cardPos":{"x":3.301337242126465,"y":0.007471446879208088,"z":0.032351668924093249},"cardRot":{"x":2.321288548046141e-7,"y":2.711743718464277e-7,"z":1.0,"w":2.048752918426544e-7}}]}